"Id";"Områdenavn";"Areal";"Antal";"Varmebehov";"Varmedensitet"
1;"Vamdrup syd";364037.9140625;212;3535.5077;0
2;"Vester Vamdrup";90667.916992188;81;1098.9001;0
3;"Hvidøre";157981.37817383;107;2198.3692;0
4;"Vamdrup Fjernvarme";3783431.0129395;1782;53397.6935;0
